{
  "processId": 40796,
  "timestamp": 625015,
  "totalPacketsSent": 17153178,
  "totalPacketsReceived": 27159551,
  "recentPacketsSent": 25740,
  "recentPacketsReceived": 53040,
  "tps": 27444.413505254557,
  "avgLatency": 0,
  "maxLatency": 0,
  "avgRtt": 0.07049100000000001,
  "maxRtt": 0.142,
  "uptimeMs": 625015
}